"cover","size","wordNum","reciteUserNum","title","id"
"https://nos.netease.com/ydschool-online/1496632727200CET4luan_1.jpg","788457","1162","875260","四级真题核心词（图片记忆）","1"
"https://nos.netease.com/ydschool-online/1496655382926CET6luan_1.jpg","591417","1228","218418","六级真题核心词（图片记忆）","2"
"https://nos.netease.com/ydschool-online/1496632762670KaoYanluan_1.jpg","771889","1341","252505","考研必考词汇","3"
"https://nos.netease.com/ydschool-online/1496632776935Level4luan_1.jpg","269844","595","62169","专四真题高频词","4"
"https://nos.netease.com/ydschool-online/1491037703359Level8_1.jpg","242255","684","30059","专八真题高频词","5"
"https://nos.netease.com/ydschool-online/youdao_CET4_2.jpg","2723074","3739","215979","四级英语词汇","6"
"https://nos.netease.com/ydschool-online/youdao_CET6_2.jpg","1111633","2078","64093","六级英语词汇","7"
"https://nos.netease.com/ydschool-online/youdao_KaoYan_2.jpg","2431155","4533","147205","考研英语词汇","8"
"https://nos.netease.com/ydschool-online/youdao_Level4_2.jpg","1783295","4025","18858","专四核心词汇","9"
"https://nos.netease.com/ydschool-online/youdao_Level8_2.jpg","5320395","12197","23123","专八核心词汇","10"
"https://nos.netease.com/ydschool-online/newOriental_CET4_3.jpg","1719305","2607","3063","新东方四级词汇","11"
"https://nos.netease.com/ydschool-online/newOriental_CET6_3.jpg","1452645","2345","1193","新东方六级词汇","12"
"https://nos.netease.com/ydschool-online/newOriental_KaoYan_3.jpg","1838572","3728","2644","新东方考研词汇","13"
"https://nos.netease.com/ydschool-online/1491037568440CET4_1.jpg","764018","1162","6324","四级真题核心词（正序版）","14"
"https://nos.netease.com/ydschool-online/1491037677590CET6_1.jpg","753196","1228","3888","六级真题核心词（正序版）","15"
"https://nos.netease.com/ydschool-online/1491037662208KaoYan_1.jpg","685507","1341","7621","考研必考词汇（正序版）","16"
"https://nos.netease.com/ydschool-online/1491037690141Level4_1.jpg","267335","595","2698","专四真题高频词（正序版）","17"
"https://nos.netease.com/ydschool-online/youdao_CET4_2.jpg","2542778","3739","11803","四级英语词汇（正序版）","18"
"https://nos.netease.com/ydschool-online/youdao_Level4_2.jpg","1706442","4025","4700","专四核心词汇（正序版）","19"
"https://nos.netease.com/ydschool-online/youdao_Level8_2.jpg","4763514","12197","8040","专八核心词汇（正序版）","20"
"https://nos.netease.com/ydschool-online/youdao_IELTS_2.jpg","1597545","3427","276495","雅思词汇","21"
"https://nos.netease.com/ydschool-online/youdao_TOEFL_2.jpg","4327321","9213","118896","TOEFL词汇","22"
"https://nos.netease.com/ydschool-online/youdao_GRE_2.jpg","2470882","7199","47072","GRE词汇","23"
"https://nos.netease.com/ydschool-online/youdao_SAT_2.jpg","1784650","4423","13876","SAT词汇","24"
"https://nos.netease.com/ydschool-online/youdao_GMAT_2.jpg","1509190","3254","14874","GMAT词汇","25"
"https://nos.netease.com/ydschool-online/newOriental_IELTS_3.jpg","1729987","3575","1707","新东方雅思词汇","26"
"https://nos.netease.com/ydschool-online/newOriental_TOEFL_3.jpg","2015157","4264","1294","新东方TOEFL词汇","27"
"https://nos.netease.com/ydschool-online/newOriental_GRE_3.jpg","2319121","6515","673","新东方GRE词汇","28"
"https://nos.netease.com/ydschool-online/newOriental_SAT_3.jpg","1759354","4464","292","新东方SAT词汇","29"
"https://nos.netease.com/ydschool-online/newOriental_GMAT_3.jpg","1365145","3047","333","新东方GMAT词汇","30"
"https://nos.netease.com/ydschool-online/youdao_IELTS_2.jpg","1525677","3427","6286","雅思词汇（正序版）","31"
"https://nos.netease.com/ydschool-online/youdao_GMAT_2.jpg","1422468","3254","2064","GMAT词汇（正序版）","32"
"https://nos.netease.com/ydschool-online/youdao_ChuZhong_2.jpg","940509","1420","273321","中考必备词汇","33"
"https://nos.netease.com/ydschool-online/youdao_GaoZhong_2.jpg","2120036","3668","256873","高考必备词汇（图片记忆）","34"
"https://nos.netease.com/ydschool-online/newOriental_ChuZhong_3.jpg","1149674","1803","5117","新东方初中词汇","35"
"https://nos.netease.com/ydschool-online/newOriental_GaoZhong_3.jpg","1346745","2340","2619","新东方高中词汇","36"
"https://nos.netease.com/ydschool-online/2_youdao_PEPXiaoXue3_1.jpg","42478","64","378234","人教版小学英语-三年级上册","37"
"https://nos.netease.com/ydschool-online/2_youdao_PEPXiaoXue3_2.jpg","40675","72","103262","人教版小学英语-三年级下册","38"
"https://nos.netease.com/ydschool-online/2_youdao_PEPXiaoXue4_1.jpg","47587","84","89159","人教版小学英语-四年级上册","39"
"https://nos.netease.com/ydschool-online/2_youdao_PEPXiaoXue4_2.jpg","53505","104","50627","人教版小学英语-四年级下册","40"
"https://nos.netease.com/ydschool-online/2_youdao_PEPXiaoXue5_1.jpg","71424","131","65368","人教版小学英语-五年级上册","41"
"https://nos.netease.com/ydschool-online/2_youdao_PEPXiaoXue5_2.jpg","87211","156","37829","人教版小学英语-五年级下册","42"
"https://nos.netease.com/ydschool-online/2_youdao_PEPXiaoXue6_1.jpg","76633","130","69570","人教版小学英语-六年级上册","43"
"https://nos.netease.com/ydschool-online/2_youdao_PEPXiaoXue6_2.jpg","64879","108","38501","人教版小学英语-六年级下册","44"
"https://nos.netease.com/ydschool-online/3_youdao_PEPChuZhong7_1.jpg","203341","392","126509","人教版初中英语-七年级上册","45"
"https://nos.netease.com/ydschool-online/3_youdao_PEPChuZhong7_2.jpg","266712","492","40795","人教版初中英语-七年级下册","46"
"https://nos.netease.com/ydschool-online/3_youdao_PEPChuZhong8_1.jpg","222704","419","69006","人教版初中英语-八年级上册","47"
"https://nos.netease.com/ydschool-online/3_youdao_PEPChuZhong8_2.jpg","244325","466","31355","人教版初中英语-八年级下册","48"
"https://nos.netease.com/ydschool-online/3_youdao_PEPChuZhong9_1.jpg","278981","551","69649","人教版初中英语-九年级全册","49"
"https://nos.netease.com/ydschool-online/reciteWord_1545032535025_WaiYanSheChuZhong_1.png","351737","629","1031","外研社版初中英语-七年级上册","50"
"https://nos.netease.com/ydschool-online/reciteWord_1545032535434_WaiYanSheChuZhong_2.png","247606","438","693","外研社版初中英语-七年级下册","51"
"https://nos.netease.com/ydschool-online/reciteWord_1545032535509_WaiYanSheChuZhong_3.png","184306","320","552","外研社版初中英语-八年级上册","52"
"https://nos.netease.com/ydschool-online/reciteWord_1545032534561_WaiYanSheChuZhong_4.png","147166","266","629","外研社版初中英语-八年级下册","53"
"https://nos.netease.com/ydschool-online/reciteWord_1545032534804_WaiYanSheChuZhong_5.png","196315","381","462","外研社版初中英语-九年级上册","54"
"https://nos.netease.com/ydschool-online/reciteWord_1545032534322_WaiYanSheChuZhong_6.png","72801","128","495","外研社版初中英语-九年级下册","55"
"https://nos.netease.com/ydschool-online/3_youdao_PEPGaoZhong_1.jpg","145874","311","114721","人教版高中英语-必修1","56"
"https://nos.netease.com/ydschool-online/3_youdao_PEPGaoZhong_2.jpg","148700","319","24566","人教版高中英语-必修2","57"
"https://nos.netease.com/ydschool-online/3_youdao_PEPGaoZhong_3.jpg","162383","366","47142","人教版高中英语-必修3","58"
"https://nos.netease.com/ydschool-online/3_youdao_PEPGaoZhong_4.jpg","129777","307","16866","人教版高中英语-必修4","59"
"https://nos.netease.com/ydschool-online/3_youdao_PEPGaoZhong_5.jpg","162923","357","24188","人教版高中英语-必修5","60"
"https://nos.netease.com/ydschool-online/3_youdao_PEPGaoZhong_6.jpg","172125","391","12203","人教版高中英语-选修6","61"
"https://nos.netease.com/ydschool-online/3_youdao_PEPGaoZhong_7.jpg","174623","384","8576","人教版高中英语-选修7","62"
"https://nos.netease.com/ydschool-online/3_youdao_PEPGaoZhong_8.jpg","187484","420","7481","人教版高中英语-选修8","63"
"https://nos.netease.com/ydschool-online/3_youdao_PEPGaoZhong_9.jpg","145854","352","3759","人教版高中英语-选修9","64"
"https://nos.netease.com/ydschool-online/3_youdao_PEPGaoZhong_10.jpg","140211","361","3470","人教版高中英语-选修10","65"
"https://nos.netease.com/ydschool-online/3_youdao_PEPGaoZhong_11.jpg","120512","309","4450","人教版高中英语-选修11","66"
"https://nos.netease.com/ydschool-online/youdao_ChuZhong_2.jpg","912718","1420","82677","初中英语词汇（正序版）","67"
"https://nos.netease.com/ydschool-online/youdao_GaoZhong_2.jpg","1999328","3668","172704","高中英语词汇（正序版）","68"
"https://nos.netease.com/ydschool-online/youdao_BEC_2.jpg","1494016","2753","300528","商务英语词汇","69"
"https://nos.netease.com/ydschool-online/newOriental_BEC_3.jpg","1502966","2825","4659","新东方BEC词汇","70"
"https://nos.netease.com/ydschool-online/reciteWord_BeiShiGaoZhong_1.jpg","111762","226","5571","北师大版高中必修一","71"
"https://nos.netease.com/ydschool-online/reciteWord_BeiShiGaoZhong_2.jpg","128789","244","1822","北师大版高中必修二","72"
"https://nos.netease.com/ydschool-online/reciteWord_BeiShiGaoZhong_3.jpg","150496","295","1437","北师大版高中必修三","73"
"https://nos.netease.com/ydschool-online/reciteWord_BeiShiGaoZhong_4.jpg","163541","336","1294","北师大版高中必修四","74"
"https://nos.netease.com/ydschool-online/reciteWord_BeiShiGaoZhong_5.jpg","166181","327","1515","北师大版高中必修五","75"
"https://nos.netease.com/ydschool-online/reciteWord_BeiShiGaoZhong_6.jpg","121058","271","1071","北师大版高中选修六","76"
"https://nos.netease.com/ydschool-online/reciteWord_BeiShiGaoZhong_7.jpg","166699","334","880","北师大版高中选修七","77"
"https://nos.netease.com/ydschool-online/reciteWord_BeiShiGaoZhong_8.jpg","171446","364","796","北师大版高中选修八","78"
"https://nos.netease.com/ydschool-online/reciteWord_BeiShiGaoZhong_9.jpg","122391","299","493","北师大版高中选修九","79"
"https://nos.netease.com/ydschool-online/reciteWord_BeiShiGaoZhong_10.jpg","108057","267","485","北师大版高中选修十","80"
"https://nos.netease.com/ydschool-online/reciteWord_BeiShiGaoZhong_11.jpg","139130","330","739","北师大版高中选修十一","81"
